<?xml version="1.0"?>
<psalm
        resolveFromConfigFile="true"
        xmlns:xsi="http://www.w3.org/2001/XMLSchema-instance"
        xmlns="https://getpsalm.org/schema/config"
        xsi:schemaLocation="https://getpsalm.org/schema/config vendor/vimeo/psalm/config.xsd"
        errorLevel="1"
>
    <projectFiles>
        <directory name="src" />
        <ignoreFiles>
            <directory name="vendor" />
        </ignoreFiles>
    </projectFiles>

    <issueHandlers>
        <LessSpecificReturnType errorLevel="info" />

        <MissingDependency errorLevel="info" />
        <MixedArgumentTypeCoercion>
            <errorLevel type="suppress">
                <file name="src/phpDocumentor/GraphViz/Graph.php" />
            </errorLevel>
        </MixedArgumentTypeCoercion>
    </issueHandlers>
</psalm>
